Animals;Tiger
;Zebra
;Horse
;Crow 
;Bear
;Deer
;Butterfly
;Dragonfly
;Hummingbird
;Tarantula
;Cat
;Fox
;Lion
;Frog
;Owl
;Turtle
;Raven
;Eagle
;Lamb
;Wolf
;Panda
;Turkey
;Dolphin
;Whale
;Panther
;Crocodile
Places;New York
;Brooklyn
;Flatiron
;SoHo
;Nolita
;London
;Whitechapel
;Marleybone
;Rockaway
Sport;Surf
;Ski
;Snowboard
;Skate
;Volley
;Basket
;Tennis
;Run
Time;Later
;Tonight
;Tomorrow
;Week
;Never
;Over
;Again
;Night
People;Me
;You
;Us
;man
;boy
;woman
;girl
Pop song lyrics;find
;fall
;take
;give
;think
;friend
;pretty
;strength
;help
;firm
;ancient
;come
;everybody
;home
;ride
;peace
;sweet
;kicks
;one
;innocent
;country
;rodeo
;wind
;mountain
;danced
;stone
;rest
;wayard
;rain
;easy
;crazy
;somebody
;flat
;road
;cry
;anymore
;living
;yeah
;party
;leave
;little
;am
;wild
;roam
;world
;stay
;call
;city
;truth
;loving
;steel
;sing
;song
;walk
;finally
;rythym
;tears
;avenue
;amazing
;smile
;mind
;alone
;around
moods;amused
;calm
;encouraged
;friendly
;hopeful
;inspired
;open
;Awe
;Radiant
Advertising;save
;safe
;discover
;most
English;because
;after
;about
;go
;most
Numbers;7
;8
;9
;10
;13
;17
;21
;First
;Eighth
;Nine